ID,Age,Income_Lakhs,Credit_Score,Marital_Status,Purpose,Loan_Amount_Lakhs
1,22,16.2,695,Married,Business,76.8
2,39,13.3,690,Unmarried,Personal,14.4
3,39,9.3,777,Unmarried,Car,23.7
4,23,16.7,676,Married,Car,24.5
5,44,31,678,Unmarried,Education,32.2
6,44,52.9,752,Married,Car,26.2
7,27,6.7,691,Unmarried,Personal,8.1
8,38,11.3,692,Unmarried,Home,52.6
9,58,27.3,779,Married,Personal,21.4
10,30,10.2,669,Married,Home,145.2
11,62,20.6,795,Married,Business,134.3
12,43,23.1,803,Married,Home,246.6
13,22,15.3,655,Married,Home,121.1
14,54,38.9,765,Married,Home,267.4
15,36,14,706,Married,Home,132.7
16,62,13.3,781,Married,Car,25.4
17,45,23.9,690,Married,Home,257.8
18,38,21.3,717,Married,Personal,18.5
19,64,28.6,814,Unmarried,Education,32.8
20,43,42.1,694,Married,Home,243.5
21,54,39.8,774,Unmarried,Car,24.5
22,61,25.8,819,Unmarried,Home,222.2
23,47,47.3,732,Married,Home,261.5
24,24,13.9,718,Married,Education,29.4
25,56,45.3,731,Married,Home,231.1
26,28,16.6,757,Married,Car,25.7
27,39,18.9,732,Married,Home,192.9
28,22,18.5,630,Married,Personal,20.9
29,56,25.9,791,Unmarried,Personal,19.3
30,63,23.9,728,Married,Education,32.4
31,39,25.2,799,Married,Home,251.1
32,55,39.1,764,Unmarried,Personal,20.6
33,40,20.8,810,Married,Car,23.6
34,45,16.2,702,Married,Business,113.6
35,47,14.2,731,Unmarried,Home,78.1
36,33,38.1,680,Married,Business,136.4
37,31,32.2,717,Married,Education,31
38,22,15,622,Married,Personal,16.9
39,34,35.7,670,Married,Personal,21.6
40,50,33.6,818,Married,Personal,21
41,45,41.1,801,Married,Home,243.6
42,33,29.5,650,Married,Home,262.9
43,32,27.5,780,Married,Education,32.3
44,37,20.6,789,Unmarried,Home,229.2
45,43,15.3,690,Unmarried,Personal,19.3
46,31,19.5,646,Married,Home,249.3
47,54,64.7,706,Married,Home,262.6
48,34,19.2,763,Married,Car,27.3
49,45,48.5,782,Married,Personal,22
50,52,19.5,770,Unmarried,Business,97.8
51,48,59.7,671,Married,Home,261.3
52,34,33.1,636,Married,Personal,18.3
53,51,37.7,754,Unmarried,Personal,19.4
54,24,6.7,684,Married,Business,16.4
55,25,12.1,629,Married,Home,102.3
56,43,45.4,704,Married,Personal,19
57,63,13,729,Unmarried,Home,52.5
58,41,59,701,Married,Car,26.3
59,24,5,708,Unmarried,Car,8.9
60,38,20.5,816,Married,Home,261.1
61,54,29.5,844,Married,Personal,20
62,40,30.2,682,Married,Education,31.1
63,34,19.5,636,Unmarried,Home,75.3
64,56,20.8,761,Unmarried,Home,245.9
65,55,20.9,830,Unmarried,Home,226.3
66,49,35.9,661,Married,Home,218.4
67,41,24.3,699,Unmarried,Personal,18.4
68,23,10.3,683,Unmarried,Car,19.9
69,35,19.8,641,Unmarried,Personal,19.7
70,44,46.3,802,Married,Education,29.4
71,58,10.3,749,Unmarried,Personal,13.2
72,23,6.4,666,Married,Personal,5.2
73,52,35.5,727,Unmarried,Home,228.9
74,49,20.3,669,Married,Car,26.4
75,23,10.2,702,Married,Personal,11.8
76,42,14.4,707,Unmarried,Car,24.6
77,54,35.7,829,Unmarried,Car,24.6
78,23,6.4,709,Unmarried,Car,11.6
79,54,19,840,Married,Home,138.2
80,31,24,721,Unmarried,Business,73.7
81,29,7.9,771,Married,Business,33.5
82,23,10,600,Unmarried,Personal,16.1
83,32,28,680,Married,Car,26.5
84,65,21.5,747,Unmarried,Home,142.3
85,29,12.2,638,Married,Car,27.2
86,39,24.1,778,Unmarried,Home,257.2
87,27,11.8,667,Married,Home,84.9
88,29,10.3,660,Unmarried,Car,24.8
89,57,13.4,740,Unmarried,Personal,21.7
90,48,44.3,759,Married,Home,260.7
91,40,35.8,802,Married,Education,31.9
92,46,29.1,692,Unmarried,Home,152.9
93,25,9.2,643,Unmarried,Home,55.5
94,38,16.7,682,Unmarried,Education,27.5
95,28,14.7,676,Married,Education,22.4
96,65,18.2,714,Unmarried,Car,23
97,42,20.5,739,Unmarried,Personal,18.2
98,48,44,756,Married,Car,23
99,53,31.2,737,Married,Home,274.5
100,28,12.5,718,Married,Car,25.5
101,28,9.2,757,Unmarried,Personal,19
102,49,28.7,785,Unmarried,Education,32.5
103,51,41.4,774,Married,Education,28.3
104,55,26.8,821,Unmarried,Car,23.2
105,33,17.6,722,Married,Car,23.2
106,54,20.3,819,Married,Personal,21.6
107,65,17.5,751,Married,Home,146
108,57,23.5,687,Unmarried,Personal,19.2
109,62,29.8,769,Unmarried,Car,26.7
110,36,27.9,790,Married,Home,270.9
111,41,46.6,751,Married,Education,28.9
112,32,34.5,646,Married,Home,273.5
113,30,11.1,748,Married,Business,62.1
114,61,28.1,763,Married,Business,129.5
115,33,35.9,676,Married,Personal,18.6
116,25,7.1,671,Married,Business,14.4
117,37,11.2,807,Married,Car,27.4
118,37,12.9,772,Married,Home,252.4
119,44,50.4,701,Married,Education,27.5
120,59,22.3,741,Unmarried,Home,165.6
121,25,6.9,719,Unmarried,Business,19.4
122,45,19.4,684,Married,Home,175.4
123,46,20.2,806,Married,Car,26.4
124,50,48.6,701,Married,Education,27.1
125,32,24.4,718,Unmarried,Car,26.2
126,41,17.9,719,Married,Home,177.7
127,62,15,694,Unmarried,Home,73
128,35,20.5,700,Married,Car,26.4
129,55,45.4,714,Married,Personal,21.9
130,23,9.8,642,Unmarried,Personal,16.5
131,33,22.8,714,Unmarried,Home,180.6
132,53,31.1,799,Married,Home,252.9
133,47,33,721,Unmarried,Education,31.5
134,45,22,806,Unmarried,Car,26.8
135,37,13.1,750,Married,Personal,21.7
136,60,24.5,695,Unmarried,Car,26.5
137,52,53.9,689,Married,Car,24.7
138,32,17.7,729,Married,Personal,20.7
139,53,17,736,Unmarried,Home,96.6
140,53,37.8,777,Married,Home,255.4
141,65,23.1,781,Unmarried,Car,25.3
142,46,51,797,Married,Car,24.2
143,47,39.2,752,Married,Business,135.9
144,44,47.1,679,Married,Education,30.1
145,64,15.3,820,Married,Car,25.8
146,56,18.9,808,Unmarried,Car,25.6
147,41,27.8,723,Unmarried,Car,23.9
148,36,22.1,719,Unmarried,Home,124.1
149,22,10.5,667,Unmarried,Personal,13.1
150,27,11.8,707,Unmarried,Education,25.5
151,35,29.5,685,Married,Personal,20
152,33,27.2,752,Married,Home,256.8
153,37,20.1,765,Married,Personal,20.4
154,35,34.8,681,Married,Education,32.2
155,29,6.9,648,Married,Home,38.9
156,64,30.9,734,Married,Personal,18.5
157,57,28.4,692,Unmarried,Home,124
158,45,68.5,779,Married,Education,29.9
159,65,24.6,697,Married,Car,23.1
160,45,44.3,720,Married,Car,23.9
161,60,27.6,691,Unmarried,Education,30
162,26,6.3,741,Married,Personal,5.3
163,30,17.6,695,Married,Car,25.9
164,35,24.8,643,Unmarried,Education,32
165,40,34.8,747,Married,Personal,21.8
166,29,4.8,655,Unmarried,Car,8.5
167,43,32.3,739,Unmarried,Education,27.3
168,47,38.8,671,Married,Business,148.6
169,49,33.6,783,Married,Education,30.7
170,31,19.8,677,Married,Personal,18.5
171,48,23.2,752,Unmarried,Home,256.8
172,31,13.7,634,Unmarried,Home,93.6
173,52,22,771,Married,Home,214.6
174,61,17.7,836,Unmarried,Education,29.2
175,24,7.3,698,Unmarried,Education,9.7
176,60,29.6,844,Married,Home,242.3
177,30,7.3,641,Unmarried,Personal,7.7
178,61,39.2,816,Married,Home,229.6
179,52,22.2,740,Unmarried,Car,23.3
180,53,38.5,688,Unmarried,Personal,20.1
181,46,29.4,721,Unmarried,Business,89.7
182,37,18.1,739,Unmarried,Personal,21.5
183,25,4.4,604,Unmarried,Education,7.8
184,60,25.2,735,Married,Home,235.9
185,39,10.8,804,Unmarried,Education,32
186,49,33.5,683,Unmarried,Education,28.4
187,28,6.1,660,Married,Personal,8
188,39,9.9,730,Married,Personal,20.8
189,36,12.5,709,Married,Personal,18.1
190,60,32.1,774,Married,Education,32.1
191,32,21.4,703,Married,Education,32.1
192,34,15.6,693,Married,Car,27.2
193,45,19.8,687,Married,Education,32
194,63,26.7,746,Married,Education,32.7
195,33,24.8,678,Married,Car,24
196,43,44.8,744,Married,Home,226.2
197,55,32.7,689,Unmarried,Home,204.3
198,22,11.2,662,Married,Business,52
199,40,15.4,769,Married,Home,236.2
200,24,10.9,639,Married,Home,63.8
201,37,7.3,723,Unmarried,Home,23.2
202,33,31.4,745,Married,Car,23.5
203,25,10.7,661,Married,Business,47.4
204,44,18.3,736,Unmarried,Home,91
205,35,9.8,632,Married,Home,107.6
206,51,29.3,825,Married,Business,147.2
207,24,7.2,636,Married,Home,30.1
208,35,12.8,636,Unmarried,Business,79.3
209,24,6.1,601,Unmarried,Home,18.9
210,62,37.4,786,Married,Car,27.3
211,40,23,711,Married,Home,247.4
212,35,27.4,646,Married,Personal,19
213,62,10.6,839,Unmarried,Business,100.9
214,55,21.1,714,Married,Personal,22
215,29,7.2,720,Unmarried,Personal,9.2
216,32,17.9,747,Married,Personal,21.4
217,34,28.3,753,Married,Home,263.6
218,41,37.5,818,Married,Car,22.6
219,34,13.2,691,Married,Home,164.8
220,53,30.4,776,Unmarried,Home,159.7
221,24,9,677,Unmarried,Business,40.1
222,49,19.4,804,Unmarried,Home,216.7
223,29,11.8,640,Unmarried,Car,22.7
224,41,19.2,799,Married,Personal,20.6
225,32,21.2,681,Unmarried,Business,72.2
226,46,48.4,669,Married,Education,32.2
227,25,15.8,678,Married,Home,90
228,51,29.7,716,Unmarried,Education,27.8
229,32,17.6,760,Unmarried,Business,133.3
230,60,37.9,836,Married,Education,31
231,22,8.7,699,Unmarried,Home,46.4
232,29,13.6,683,Married,Home,101.6
233,40,28.8,681,Married,Education,30.5
234,41,15.1,732,Unmarried,Car,25.2
235,38,33,691,Married,Business,144.3
236,49,25,789,Unmarried,Business,141.7
237,51,20.2,850,Married,Car,26.7
238,52,36.2,774,Unmarried,Car,25.2
239,32,13.8,720,Unmarried,Personal,19.3
240,39,11.2,729,Married,Personal,19.3
241,36,21.4,762,Unmarried,Home,235.3
242,53,23.4,716,Unmarried,Home,136.5
243,39,32.1,734,Married,Education,30.1
244,57,41.5,732,Married,Home,228.2
245,64,45.2,718,Married,Home,212.3
246,31,33.9,714,Married,Business,155.3
247,41,29.3,808,Married,Education,29.9
248,59,26.6,796,Unmarried,Education,32.3
249,22,8.3,678,Unmarried,Education,10.1
250,47,23.1,736,Unmarried,Personal,18.5
251,24,15.6,720,Married,Home,85.5
252,25,7.3,624,Married,Business,20
253,62,16.9,725,Unmarried,Education,31.9
254,48,23.1,723,Unmarried,Home,184.4
255,35,31.9,751,Married,Home,254.4
256,61,33.9,778,Married,Car,22.8
257,49,28,755,Married,Home,267.3
258,38,15.5,732,Unmarried,Education,24.6
259,43,15.9,673,Unmarried,Home,84.6
260,23,16.3,692,Married,Personal,18.6
261,56,28.5,742,Unmarried,Home,158.2
262,55,19.8,759,Married,Business,153
263,40,20.1,660,Unmarried,Home,125.3
264,44,49.6,702,Married,Education,32.2
265,41,25.2,663,Unmarried,Personal,20.6
266,34,9.5,704,Unmarried,Home,85.1
267,36,23.6,730,Married,Personal,21.6
268,52,44.6,821,Married,Home,232
269,56,8.7,846,Unmarried,Home,81.8
270,33,17.3,658,Married,Education,32.8
271,23,8.3,618,Married,Education,18.6
272,38,20.5,720,Married,Personal,20.2
273,38,24.4,756,Unmarried,Home,274.5
274,38,28.4,760,Married,Education,31.2
275,39,35.1,670,Married,Car,27.1
276,38,24.9,779,Married,Home,233.2
277,31,38.2,738,Married,Personal,18.8
278,47,32.8,682,Married,Education,31.4
279,42,29.1,739,Unmarried,Car,25.7
280,32,15.1,724,Married,Car,23.3
281,27,6.5,705,Unmarried,Home,27.8
282,38,36.1,736,Married,Personal,19.2
283,59,11.6,735,Unmarried,Personal,17.6
284,42,30.9,665,Unmarried,Home,211.8
285,52,19.4,760,Married,Personal,19.3
286,34,23.4,721,Unmarried,Personal,20
287,28,14.3,737,Married,Business,56
288,64,23.8,729,Unmarried,Education,28
289,59,21.6,785,Unmarried,Business,157.3
290,27,17.2,718,Married,Car,27.3
291,53,25.5,786,Married,Home,221.7
292,61,20.8,814,Unmarried,Car,23
293,28,6.4,709,Unmarried,Personal,7.4
294,42,27.4,803,Unmarried,Education,29.8
295,38,35.6,810,Married,Car,27
296,64,18.5,822,Unmarried,Personal,20.5
297,30,8.8,666,Married,Business,58.1
298,37,20,677,Unmarried,Home,129.5
299,33,9.7,754,Unmarried,Personal,20.4
300,23,14.8,674,Married,Personal,13.2
301,31,7.7,676,Unmarried,Personal,8.2
302,58,26.3,790,Unmarried,Business,124.1
303,60,27.4,783,Married,Education,32.6
304,65,36,789,Married,Business,142.2
305,37,9.4,722,Unmarried,Home,49
306,22,11.6,710,Unmarried,Business,34.6
307,30,17.6,673,Married,Business,105.9
308,43,14.2,813,Unmarried,Home,167.5
309,49,42.3,817,Married,Personal,20.3
310,31,13.9,704,Married,Business,89.3
311,33,15.8,696,Unmarried,Home,133.3
312,39,19.8,682,Married,Personal,19.9
313,25,11.9,627,Unmarried,Business,48.6
314,40,26,734,Married,Car,23.5
315,61,18.3,713,Married,Home,133.7
316,34,31.3,662,Married,Car,27.1
317,63,12.2,763,Married,Home,118.5
318,24,6.2,622,Unmarried,Education,15.6
319,29,7.4,722,Unmarried,Home,24.2
320,65,38.3,690,Married,Car,25.9
321,31,16,704,Unmarried,Personal,19.5
322,49,39.5,686,Married,Home,253.4
323,42,23.5,740,Married,Home,251.3
324,46,27.5,741,Married,Car,25
325,37,13.6,781,Unmarried,Personal,19.6
326,24,7.6,703,Unmarried,Education,13.3
327,45,40.9,775,Married,Car,23.7
328,64,15.6,805,Married,Car,23.2
329,32,17.4,701,Unmarried,Personal,21.4
330,23,4.2,617,Unmarried,Car,6.1
331,30,19.7,720,Married,Car,22.9
332,30,7.9,672,Unmarried,Home,28.2
333,23,4.5,600,Unmarried,Education,7
334,47,15.7,711,Unmarried,Business,69.4
335,42,35,689,Unmarried,Education,28.3
336,32,7.3,737,Unmarried,Home,24
337,50,32,794,Unmarried,Personal,21.4
338,26,8.7,661,Married,Home,71.5
339,64,28.5,695,Married,Car,24.1
340,61,15.9,784,Unmarried,Home,177.4
341,42,38.1,790,Unmarried,Home,249.2
342,42,39,689,Married,Personal,19.9
343,61,30.4,821,Married,Home,257.8
344,50,37.1,817,Unmarried,Home,243.2
345,47,22.7,819,Unmarried,Home,271
346,60,23.2,728,Married,Car,26.2
347,40,27.9,725,Married,Personal,19.3
348,46,32.9,770,Unmarried,Car,24.3
349,57,11.5,831,Unmarried,Education,28.5
350,40,31.1,725,Married,Home,256.7
351,59,44.9,843,Married,Car,24.2
352,40,29.8,723,Married,Car,26.4
353,57,28.6,692,Married,Education,31
354,55,35.6,754,Married,Home,233.5
355,25,6.9,634,Married,Home,32.7
356,45,53.2,814,Married,Education,32.3
357,31,17.1,775,Unmarried,Home,163.4
358,60,13.5,784,Unmarried,Personal,17.2
359,63,11.4,682,Unmarried,Personal,12.6
360,23,14.8,652,Married,Personal,21.1
361,56,39.8,779,Married,Personal,21.7
362,36,24.9,661,Married,Car,22.7
363,32,16.5,744,Unmarried,Car,23
364,31,22.5,660,Unmarried,Personal,21.7
365,22,7.3,625,Unmarried,Car,9.6
366,56,11.8,700,Unmarried,Home,61.1
367,31,31.7,724,Married,Personal,18.9
368,51,30.3,697,Unmarried,Personal,20.7
369,40,10.6,781,Unmarried,Personal,20
370,38,16.6,661,Unmarried,Home,100.1
371,50,47,687,Married,Car,26.9
372,46,42.7,810,Married,Car,24
373,49,27.3,768,Married,Home,242.8
374,50,19.3,694,Unmarried,Education,28.3
375,43,47.6,687,Married,Education,29
376,37,14.6,811,Unmarried,Home,129.2
377,59,10.3,721,Unmarried,Home,75
378,29,15.9,727,Married,Business,73.2
379,45,33.2,805,Unmarried,Education,32.2
380,31,23,729,Married,Education,28.8
381,37,17.9,707,Married,Home,147.3
382,59,18.3,741,Unmarried,Education,31.1
383,47,34.3,664,Married,Car,23.8
384,48,47.1,685,Married,Home,240
385,51,24.9,837,Married,Education,30.7
386,28,8.1,768,Unmarried,Car,22.2
387,32,22.7,648,Married,Home,226.1
388,48,35.7,667,Unmarried,Business,149.2
389,38,13.1,776,Married,Personal,19.1
390,58,15,849,Married,Business,107.2
391,52,33.9,803,Married,Home,236.4
392,35,8.8,660,Unmarried,Personal,10.5
393,64,15.9,806,Unmarried,Education,29.8
394,56,14.6,698,Married,Education,27.5
395,49,24,799,Married,Home,273.9
396,48,22.1,764,Unmarried,Car,25.7
397,64,34.2,778,Married,Personal,19.6
398,31,16.1,641,Unmarried,Home,81.6
399,23,15.2,704,Married,Business,73.7
400,26,18.4,695,Married,Education,31.9
401,55,37.4,739,Married,Personal,21.6
402,50,31.4,711,Unmarried,Home,188.2
403,24,5.9,670,Married,Home,19.8
404,51,39.4,836,Married,Personal,20.4
405,38,12.9,719,Unmarried,Education,29.1
406,56,12.6,781,Unmarried,Home,144.5
407,33,36.1,769,Married,Home,269.6
408,55,26.3,730,Married,Car,24.2
409,24,10.9,717,Married,Education,21.5
410,29,18.2,700,Married,Home,99.8
411,63,16.9,782,Unmarried,Car,25.5
412,43,23.1,723,Unmarried,Home,163
413,32,32.6,741,Married,Car,23.4
414,22,6.8,671,Married,Home,36.2
415,31,9.6,773,Unmarried,Home,75.4
416,47,23.5,664,Unmarried,Home,245.2
417,48,27.6,708,Unmarried,Home,104.1
418,65,21.2,823,Married,Car,25.9
419,43,35,723,Married,Car,22.9
420,45,60.3,667,Married,Car,27.4
421,43,33.4,760,Married,Education,30.4
422,30,10.9,637,Married,Education,23.9
423,40,19.2,819,Married,Home,243.1
424,60,14.8,782,Married,Home,124.2
425,47,20.5,812,Unmarried,Home,217.5
426,54,38.6,756,Married,Personal,19.4
427,45,33.6,778,Married,Business,158.7
428,34,14.3,765,Unmarried,Car,26.8
429,29,8.1,767,Unmarried,Personal,14.4
430,38,22.4,755,Married,Business,156.6
431,59,17.5,752,Married,Home,161.8
432,55,22.1,776,Unmarried,Home,248
433,25,5.2,654,Unmarried,Home,24.6
434,47,37.5,807,Married,Home,231.2
435,54,14.1,827,Unmarried,Home,134.2
436,43,25.2,778,Unmarried,Home,203.1
437,22,9.1,626,Married,Car,19.8
438,39,18.2,743,Unmarried,Home,98.1
439,47,16.1,672,Unmarried,Home,118.3
440,55,27.3,784,Married,Personal,20.4
441,52,38.1,703,Married,Business,159.2
442,36,22.6,694,Unmarried,Personal,20.6
443,65,42.9,719,Married,Car,25.1
444,64,15.1,799,Unmarried,Education,22.8
445,30,12.1,653,Married,Home,180.8
446,30,16.5,724,Married,Education,27.4
447,27,15.1,684,Married,Education,23
448,61,29.8,796,Unmarried,Home,258.7
449,62,13.7,736,Married,Business,39.3
450,51,12.4,812,Unmarried,Personal,18.7
451,48,16.8,785,Unmarried,Business,88.7
452,45,39.4,741,Married,Home,264.6
453,30,8.4,738,Married,Home,82.8
454,46,37.1,789,Unmarried,Home,248.8
455,22,13.8,607,Married,Education,32.2
456,59,18.7,744,Unmarried,Business,46.6
457,59,29.9,763,Unmarried,Home,256.7
458,48,35.7,667,Married,Home,224.2
459,34,13.9,745,Unmarried,Car,24.5
460,26,9.8,752,Married,Business,56.1
461,38,18.5,777,Unmarried,Car,26.7
462,26,18.3,632,Married,Car,25.3
463,36,22,722,Unmarried,Home,189.4
464,35,21,724,Married,Business,128.5
465,65,12.5,719,Married,Business,54.7
466,52,43.5,785,Married,Education,32.5
467,47,25.8,765,Married,Education,32.9
468,49,23.1,738,Married,Car,24.3
469,44,39.3,694,Unmarried,Education,32.7
470,54,28.3,815,Married,Personal,18.4
471,29,10.8,763,Unmarried,Personal,16.8
472,55,33.3,703,Unmarried,Business,120.2
473,47,38.4,768,Unmarried,Home,238.5
474,46,37.1,715,Married,Education,31.7
475,23,3.9,611,Unmarried,Home,22.4
476,39,15.7,678,Unmarried,Home,74.5
477,30,7.8,777,Married,Education,29.2
478,27,7.6,719,Unmarried,Car,11
479,59,31.6,732,Married,Education,32.8
480,26,10.5,684,Unmarried,Business,45
481,23,5.1,602,Unmarried,Home,20.8
482,22,12.3,641,Married,Business,50.7
483,22,10.9,626,Married,Home,69.1
484,36,18.2,755,Married,Personal,22
485,44,37,807,Married,Education,29.4
486,25,6.8,620,Unmarried,Personal,6.1
487,49,42.8,660,Married,Home,260.9
488,42,42,701,Married,Car,22.9
489,32,29.6,682,Married,Home,243.8
490,39,7.5,738,Unmarried,Education,17.6
491,40,26.8,818,Married,Business,138.8
492,59,19.1,812,Married,Car,25.7
493,61,23.8,737,Unmarried,Education,27.7
494,36,8.3,665,Unmarried,Home,50.5
495,52,33.3,849,Unmarried,Business,96
496,61,29.9,803,Unmarried,Business,120.7
497,26,11,703,Unmarried,Home,58.4
498,28,12.3,729,Married,Personal,18.9
499,30,6.4,696,Married,Home,46.7
500,24,4.2,662,Unmarried,Car,5.6
501,60,46,682,Married,Personal,19.7
502,41,15.7,776,Unmarried,Home,178.9
503,24,10.3,603,Married,Business,40.7
504,38,20,661,Unmarried,Car,25.6
505,29,6.7,739,Unmarried,Education,11.7
506,42,51.3,784,Married,Car,25.1
507,61,12.7,798,Married,Personal,19.5
508,61,29.9,707,Unmarried,Home,194.2
509,43,25.6,694,Unmarried,Home,173.8
510,48,42.6,716,Married,Car,25.4
511,42,28,700,Married,Home,244.4
512,42,36.3,709,Married,Home,270
513,31,7.6,663,Unmarried,Personal,6.2
514,49,32.1,685,Unmarried,Personal,18.9
515,30,9.7,674,Married,Home,137
516,57,12.1,723,Unmarried,Car,23.7
517,23,7.1,602,Unmarried,Education,12.9
518,55,35.8,684,Unmarried,Car,25.6
519,25,15.5,655,Married,Business,92.2
520,41,23.9,782,Married,Personal,21.2
521,33,21.1,740,Married,Business,135.1
522,41,32.1,667,Married,Personal,20.3
523,46,22.8,763,Unmarried,Home,250.5
524,37,17.2,678,Married,Car,25.6
525,29,15.4,635,Married,Home,94.9
526,22,9.5,681,Unmarried,Education,17.3
527,49,18.4,705,Unmarried,Business,91.7
528,48,48.7,707,Married,Car,22.7
529,58,14.6,788,Unmarried,Business,73
530,46,30.8,807,Married,Home,241.4
531,63,24.6,812,Unmarried,Home,149.8
532,56,15.1,689,Unmarried,Car,20.9
533,29,9.2,651,Married,Home,85.8
534,25,4.7,640,Unmarried,Home,19.7
535,61,14.2,773,Married,Car,25
536,59,31.7,827,Married,Home,263.4
537,37,19.2,794,Married,Car,26.1
538,64,18.3,708,Married,Home,124.3
539,27,10.2,652,Married,Personal,14.5
540,30,8.3,742,Unmarried,Education,14.5
541,64,34.2,702,Married,Education,28.2
542,34,15.7,665,Married,Personal,18.1
543,63,24.6,846,Unmarried,Home,272.2
544,41,51.7,764,Married,Personal,18.6
545,32,22.4,699,Married,Home,250.1
546,39,19.1,790,Unmarried,Personal,18.3
547,27,5,734,Unmarried,Education,9.4
548,31,29.2,778,Married,Home,268.8
549,53,33.4,775,Married,Home,240.2
550,45,37.1,670,Unmarried,Education,31.6
551,47,22.1,779,Married,Education,29.8
552,25,8.9,607,Unmarried,Personal,14.6
553,36,8.2,744,Unmarried,Business,30.1
554,61,16.5,809,Unmarried,Education,27.9
555,39,18.1,798,Unmarried,Car,23.8
556,27,6.2,719,Married,Personal,8.6
557,23,8.8,607,Unmarried,Car,20.5
558,53,19.8,712,Married,Car,24.5
559,61,28.4,685,Unmarried,Home,101.4
560,36,13.6,718,Married,Education,28.3
561,55,54.8,801,Married,Home,234.5
562,41,45.9,698,Married,Personal,19.9
563,60,37.2,770,Married,Home,243.4
564,59,23.9,830,Married,Home,187.4
565,40,26.4,749,Married,Car,25.3
566,65,36,778,Married,Personal,18.3
567,42,26.6,797,Unmarried,Car,25.8
568,26,10.1,650,Married,Education,14.4
569,61,28.5,686,Married,Home,188.4
570,31,37.4,647,Married,Car,23.4
571,34,17.5,742,Unmarried,Home,146.3
572,58,38.7,828,Married,Home,264.9
573,60,21.5,744,Married,Car,27.4
574,29,8,640,Married,Personal,8
575,46,48.3,813,Married,Car,23.9
576,55,22.5,717,Married,Car,24.4
577,38,26.7,699,Married,Home,228.8
578,37,23.4,810,Unmarried,Home,252.2
579,55,48,800,Married,Personal,21.2
580,65,18.2,755,Married,Home,211.1
581,28,7.8,757,Unmarried,Car,13.8
582,58,16.6,687,Married,Business,87.4
583,43,42.4,666,Married,Education,29.8
584,62,13.4,803,Unmarried,Home,97.5
585,27,15.8,727,Married,Home,98.7
586,22,11.6,630,Unmarried,Personal,18.5
587,26,11.3,673,Married,Personal,12.5
588,53,39.7,711,Unmarried,Business,145.8
589,49,26.5,791,Married,Home,251.9
590,45,23.8,806,Unmarried,Personal,20.6
591,42,28.3,732,Married,Personal,21.2
592,22,10.4,603,Married,Home,61.4
593,36,20.1,798,Married,Personal,19.8
594,30,13.8,758,Married,Business,75.2
595,27,9.4,704,Married,Home,96.1
596,26,6.9,632,Married,Home,46.7
597,58,27,847,Married,Home,235.3
598,23,5.5,605,Married,Car,9.2
599,37,19,665,Married,Car,25.5
600,51,46.6,766,Married,Personal,19
601,28,8.9,751,Unmarried,Personal,13.1
602,50,30,752,Married,Personal,19.6
603,54,31.9,823,Married,Home,230
604,34,14.2,762,Unmarried,Home,120.5
605,64,31.8,764,Married,Personal,19.1
606,47,13.2,683,Unmarried,Home,91.1
607,47,21.7,684,Married,Home,154.8
608,49,23.3,820,Unmarried,Business,127.5
609,41,30,695,Unmarried,Education,28.8
610,54,51.6,820,Married,Home,273.6
611,41,31.4,745,Married,Education,30.7
612,39,19.1,813,Unmarried,Education,31.2
613,50,19.5,781,Unmarried,Home,210.2
614,34,22.9,680,Married,Home,220.3
615,22,5.1,655,Unmarried,Education,13
616,54,28.7,805,Unmarried,Personal,19.8
617,33,25.7,653,Married,Personal,19.6
618,58,16.9,768,Unmarried,Car,26.4
619,27,11.1,750,Married,Home,86
620,38,21.5,754,Married,Car,25.1
621,62,13.7,742,Married,Car,25.3
622,47,27.2,700,Married,Home,190.8
623,29,10.9,737,Unmarried,Home,74.9
624,46,15.4,719,Unmarried,Education,27.6
625,65,17.5,767,Unmarried,Home,137.5
626,29,7.3,689,Unmarried,Home,32.8
627,32,20.4,768,Unmarried,Home,194.6
628,57,33.2,793,Married,Personal,19.4
629,46,30.7,813,Unmarried,Personal,21.6
630,48,28.5,777,Unmarried,Car,22.7
631,34,11.5,638,Married,Home,133.3
632,65,18,836,Unmarried,Home,90.6
633,36,16,800,Unmarried,Home,222.2
634,44,34,680,Unmarried,Business,91.4
635,56,8.8,797,Unmarried,Home,97.1
636,61,27.6,723,Married,Education,28.8
637,39,30.5,731,Married,Business,151.9
638,38,8,800,Unmarried,Personal,17.3
639,52,58.6,778,Married,Personal,21.2
640,53,26.7,835,Unmarried,Education,30.8
641,62,39.9,709,Married,Car,25.2
642,32,28.2,653,Married,Education,31.7
643,42,28.5,761,Married,Home,248.2
644,53,62.2,713,Married,Personal,19.7
645,54,29.5,715,Unmarried,Personal,18.6
646,23,18.1,684,Married,Personal,20.3
647,33,14.3,648,Married,Home,186.1
648,36,20.2,787,Married,Home,258.6
649,43,12.2,775,Unmarried,Home,153.5
650,23,7.3,710,Unmarried,Car,12.2
651,51,36.8,807,Married,Home,242.1
652,24,7.6,646,Married,Personal,7.2
653,41,13.1,819,Unmarried,Home,135.9
654,62,27.8,701,Unmarried,Business,67.9
655,47,47.5,717,Married,Education,28.7
656,32,31.7,714,Married,Home,271.8
657,24,12.1,697,Married,Home,71.1
658,60,37.9,733,Married,Home,182.5
659,23,11.1,707,Unmarried,Car,23.3
660,44,33.5,713,Unmarried,Home,161.7
661,48,21,806,Unmarried,Business,139.3
662,64,13.4,809,Unmarried,Home,120.2
663,36,10.3,795,Married,Personal,20.3
664,38,13.4,773,Married,Personal,21.8
665,26,6.5,739,Unmarried,Home,33.8
666,56,18.2,846,Unmarried,Education,29
667,30,17.6,653,Married,Personal,22
668,26,7.5,769,Married,Personal,9.4
669,40,8.6,708,Unmarried,Education,18.1
670,39,13.5,691,Married,Personal,21
671,24,7.6,667,Unmarried,Education,11.8
672,47,57.3,776,Married,Education,29.3
673,38,29.4,805,Married,Car,26.1
674,38,23.6,711,Married,Car,24.2
675,47,23.4,750,Unmarried,Personal,18.1
676,61,35.3,838,Married,Home,235.1
677,46,42.3,796,Married,Education,32.6
678,34,14.9,780,Married,Education,29.2
679,38,23.8,694,Married,Education,31.7
680,36,13,707,Married,Home,102.5
681,29,8.9,712,Unmarried,Business,45.1
682,33,12.4,760,Unmarried,Car,23.1
683,42,18.6,712,Married,Personal,19.4
684,53,42.3,723,Married,Personal,19.9
685,36,21.4,802,Unmarried,Home,259
686,27,7.2,691,Unmarried,Personal,8.4
687,46,12,699,Unmarried,Home,52.2
688,34,42.6,663,Married,Personal,21.6
689,35,41,686,Married,Home,232.5
690,51,41.9,751,Married,Home,236.8
691,26,5.7,731,Unmarried,Home,34.5
692,48,29.8,794,Unmarried,Home,225.2
693,63,47.3,702,Married,Car,26.7
694,59,13.9,814,Unmarried,Home,102.8
695,39,8.5,673,Unmarried,Personal,9.4
696,49,27.3,675,Married,Car,24.3
697,25,5.2,632,Unmarried,Education,10
698,45,48.7,708,Married,Personal,19.9
699,49,22.7,784,Married,Education,30.6
700,37,28.6,777,Married,Personal,20.8
701,37,28,681,Married,Personal,20.7
702,22,9.8,685,Unmarried,Car,21.3
703,26,6.3,646,Unmarried,Car,10.4
704,42,37.8,771,Unmarried,Personal,19.8
705,27,10.6,672,Unmarried,Home,64.3
706,60,27.4,752,Unmarried,Personal,18.7
707,36,19.4,782,Unmarried,Car,26
708,59,19.5,823,Unmarried,Home,128.7
709,60,15.6,820,Unmarried,Personal,18.8
710,62,13.5,761,Unmarried,Home,72.1
711,55,25,805,Unmarried,Home,246.6
712,38,26.9,728,Married,Car,25.4
713,42,26.9,810,Married,Home,269.9
714,25,3.7,603,Unmarried,Business,12
715,58,35.7,778,Married,Education,29.1
716,40,11.3,771,Unmarried,Education,28.2
717,65,47.6,739,Married,Home,247.7
718,24,11.8,681,Married,Home,64.5
719,40,24.1,722,Unmarried,Car,24
720,22,12.1,610,Married,Education,31
721,54,25.4,840,Married,Home,248.3
722,57,9.2,778,Unmarried,Home,63.8
723,23,9.1,609,Married,Personal,12.3
724,39,12.7,755,Married,Business,155.8
725,59,20.3,685,Unmarried,Personal,21.9
726,29,13.3,655,Married,Business,79.5
727,42,25.7,741,Married,Car,24.8
728,30,12.4,733,Married,Home,148.5
729,65,21.2,806,Unmarried,Business,133.2
730,53,52.6,683,Married,Personal,20.3
731,51,51.7,699,Married,Business,144.1
732,44,48.2,808,Married,Home,272.2
733,61,18,811,Married,Car,27
734,31,16.1,740,Married,Car,24.1
735,36,22.7,756,Married,Personal,19.1
736,32,15.2,757,Married,Car,26
737,34,19.2,636,Married,Home,235.6
738,32,16.9,750,Married,Car,25.8
739,41,58,767,Married,Home,273.8
740,42,43.2,744,Married,Personal,21.5
741,28,9.2,705,Unmarried,Personal,8.4
742,50,24.7,695,Unmarried,Car,26.3
743,23,6.1,699,Married,Personal,4.9
744,64,18.4,739,Unmarried,Personal,18.3
745,25,4.4,654,Unmarried,Home,18.1
746,25,9.9,618,Married,Business,29.6
747,22,11.6,627,Married,Personal,21.6
748,50,34.2,674,Married,Car,26.1
749,47,63.7,733,Married,Home,248.5
750,24,4.8,687,Unmarried,Home,17.2
751,32,12.9,644,Married,Home,117.4
752,25,10.6,628,Married,Car,17.8
753,37,24.2,816,Married,Education,32.7
754,62,35,834,Married,Business,151.4
755,63,9.8,739,Unmarried,Car,16.7
756,62,19.8,815,Unmarried,Home,233.3
757,42,38.6,686,Unmarried,Home,267.5
758,40,19.5,722,Married,Car,27.2
759,56,27.3,796,Married,Car,23.8
760,23,9.2,627,Married,Home,67.9
761,32,33.3,737,Married,Home,246.8
762,23,5.8,650,Unmarried,Education,8.9
763,62,35.1,826,Married,Personal,20.7
764,55,37.7,836,Married,Home,247.5
765,28,8.8,631,Unmarried,Home,57.7
766,25,10.8,626,Married,Education,23.8
767,64,15.6,807,Married,Car,24.5
768,33,27.4,685,Married,Car,27.3
769,54,37,727,Married,Personal,18.5
770,54,52.3,791,Married,Car,26.4
771,44,29.1,776,Married,Personal,19.5
772,38,36.6,677,Married,Business,148.2
773,34,11.5,658,Unmarried,Business,57.3
774,44,12.9,800,Unmarried,Education,28.8
775,46,31.4,712,Married,Education,27.5
776,23,12.8,712,Married,Education,16.7
777,33,11,705,Unmarried,Personal,18.3
778,33,36.1,726,Married,Personal,18.3
779,46,45.7,728,Married,Home,249.8
780,41,60.6,708,Married,Education,30.3
781,53,60.7,788,Married,Home,228.3
782,62,42.7,759,Married,Car,24.2
783,53,19,733,Married,Home,109.2
784,45,44.8,777,Married,Home,225.9
785,61,15.6,686,Unmarried,Personal,21.1
786,46,20.8,782,Unmarried,Home,244.8
787,46,30.5,700,Married,Personal,20.4
788,43,24.8,661,Unmarried,Personal,18.9
789,65,21.5,711,Unmarried,Education,30.5
790,33,17.1,702,Unmarried,Personal,20.2
791,60,18.9,811,Unmarried,Home,176
792,43,21.3,692,Married,Home,219.6
793,37,17,731,Unmarried,Business,88.8
794,34,31.7,694,Married,Car,24.4
795,38,36.9,712,Married,Education,32.1
796,39,32.8,737,Married,Car,23.1
797,40,13.8,694,Married,Education,27.5
798,48,16.1,662,Unmarried,Home,74.1
799,33,18.5,695,Unmarried,Business,81.5
800,38,20.5,667,Unmarried,Home,169.2
801,48,22.4,789,Unmarried,Home,179.4
802,42,22.1,722,Unmarried,Home,137.5
803,43,67.1,751,Married,Home,227.3
804,48,27.7,661,Married,Personal,18.9
805,62,24.4,786,Unmarried,Car,27.3
806,61,44.1,765,Married,Education,27.6
807,41,25.6,747,Married,Home,254.5
808,40,11.7,758,Married,Personal,21.6
809,55,27,815,Unmarried,Personal,18.5
810,42,14.6,762,Unmarried,Personal,21.3
811,65,38.9,847,Married,Car,24.7
812,25,7.9,707,Unmarried,Education,12.3
813,52,44.2,827,Married,Education,29.5
814,51,42.5,807,Married,Education,28
815,41,64.8,762,Married,Education,32.4
816,32,33.8,730,Married,Education,30
817,51,28.4,844,Married,Education,28.1
818,23,11.3,616,Married,Personal,17.7
819,56,29.6,697,Married,Home,259.4
820,26,6.3,708,Married,Home,26.5
821,58,15.8,828,Unmarried,Education,28.2
822,29,5.9,674,Unmarried,Home,28.3
823,52,67.3,734,Married,Home,264.9
824,22,17.8,632,Married,Education,30.3
825,59,20.2,724,Married,Personal,19.6
826,53,60.9,771,Married,Home,227.7
827,40,23.4,798,Married,Business,136.9
828,53,51.1,731,Married,Home,242
829,47,26.1,784,Unmarried,Education,27.7
830,36,34,715,Married,Home,261
831,28,7.6,740,Unmarried,Car,8.1
832,38,21,707,Unmarried,Business,102.1
833,29,11.9,777,Unmarried,Home,102.3
834,42,52.4,679,Married,Home,262
835,57,27.4,837,Married,Personal,21
836,25,14.5,648,Married,Education,25.4
837,47,22.5,715,Married,Home,167.9
838,63,16.6,704,Unmarried,Home,98.4
839,46,39.4,800,Married,Home,250.6
840,36,25.8,703,Married,Car,23.1
841,35,38,712,Married,Home,269.8
842,45,48.5,703,Married,Personal,19.4
843,24,9,699,Unmarried,Home,47.8
844,26,10.1,636,Unmarried,Home,77.9
845,43,32.5,783,Married,Car,25.5
846,46,19.4,750,Unmarried,Personal,21.8
847,55,15.2,717,Married,Home,121.9
848,55,26.3,686,Married,Car,26.3
849,62,40.1,708,Married,Home,260.5
850,60,34.9,841,Married,Home,270.2
851,40,18.3,791,Unmarried,Home,186.4
852,24,7.9,716,Married,Car,17.6
853,51,30.3,749,Married,Home,241.5
854,64,28.1,776,Married,Home,230.9
855,48,29.5,739,Unmarried,Personal,21.7
856,51,24.9,716,Unmarried,Car,23.5
857,46,30.1,731,Unmarried,Home,126
858,45,62.2,776,Married,Education,30.6
859,24,7.5,706,Unmarried,Home,39.5
860,38,24.8,739,Married,Personal,19.9
861,33,18.3,649,Married,Home,155.8
862,28,6.1,649,Unmarried,Personal,6.4
863,45,47.8,695,Married,Education,27.1
864,52,49.5,781,Married,Personal,18.3
865,53,26,832,Unmarried,Home,232.8
866,31,19.9,677,Unmarried,Car,23.9
867,42,28.7,693,Unmarried,Home,172.5
868,23,10.3,634,Unmarried,Home,60.9
869,51,42.4,777,Married,Car,26.8
870,42,41.8,769,Married,Home,228.8
871,24,7.4,661,Married,Education,14.9
872,35,19.9,694,Unmarried,Personal,20
873,56,18.1,827,Married,Car,22.8
874,30,5.2,678,Married,Home,47.5
875,22,15,688,Married,Car,25.9
876,41,19.3,700,Unmarried,Personal,19.6
877,47,14.3,793,Unmarried,Home,86.3
878,42,31.5,740,Unmarried,Business,117.2
879,57,16.5,753,Unmarried,Business,73.8
880,61,24.9,708,Married,Personal,18.9
881,25,15.6,661,Married,Home,93.8
882,41,37.6,806,Married,Home,242
883,43,46.1,817,Married,Car,23.6
884,45,19.3,808,Married,Personal,21.1
885,55,36.6,755,Married,Home,233.3
886,65,32.5,816,Married,Home,240.9
887,26,11.6,753,Married,Education,24.9
888,40,16.3,781,Married,Home,247.1
889,39,13.3,700,Married,Education,25.4
890,51,49,841,Married,Home,227.7
891,27,6.9,662,Unmarried,Home,37.6
892,39,22,771,Married,Personal,19.4
893,23,5.1,697,Married,Home,25.8
894,40,15,686,Married,Education,31.4
895,38,21.9,807,Married,Home,249.2
896,50,43.7,783,Married,Personal,19.5
897,29,7.4,656,Unmarried,Personal,7.9
898,25,4.5,611,Unmarried,Personal,7.1
899,42,46.6,796,Married,Home,257.2
900,61,26.4,743,Married,Home,150.6
901,27,17.8,750,Married,Home,143.6
902,29,10.8,697,Unmarried,Education,24.6
903,51,27,806,Unmarried,Personal,21.8
904,25,12.5,679,Married,Car,24.7
905,43,23.7,705,Unmarried,Business,90.7
906,38,25.1,783,Married,Business,135.4
907,33,24.3,668,Married,Home,253.9
908,47,23,689,Unmarried,Personal,21.8
909,50,31.5,725,Married,Education,28.9
910,46,24,806,Married,Car,23.6
911,64,12,740,Unmarried,Home,67.5
912,29,12.3,770,Married,Personal,21.9
913,49,33.1,758,Unmarried,Home,264.9
914,26,8.2,755,Unmarried,Business,51.8
915,26,10.8,707,Unmarried,Education,23
916,44,32.4,800,Unmarried,Home,236.2
917,54,50.9,715,Married,Car,26.2
918,29,8,764,Married,Car,19.6
919,59,17.6,721,Unmarried,Personal,18.1
920,48,26.7,683,Unmarried,Home,125.1
921,29,6.4,631,Unmarried,Car,10
922,47,35.5,795,Married,Car,25.6
923,64,26.9,839,Unmarried,Education,28.7
924,24,16.9,640,Married,Personal,20.9
925,42,29.3,816,Unmarried,Car,23.6
926,37,32.5,715,Married,Education,29.6
927,23,12.1,711,Married,Education,28.5
928,54,54.4,846,Married,Car,25.3
929,46,52.6,663,Married,Business,153.8
930,45,46.8,773,Married,Education,28.6
931,42,43.6,775,Married,Car,27.3
932,23,16.8,668,Married,Personal,20.9
933,59,39.4,778,Married,Car,24.9
934,28,16.5,637,Married,Home,133.8
935,35,10.4,687,Unmarried,Car,17.9
936,25,11.2,619,Unmarried,Personal,12.5
937,64,41.6,688,Married,Education,27.5
938,58,21.3,755,Unmarried,Home,217.5
939,44,24.2,673,Unmarried,Home,121.5
940,59,29.5,835,Married,Home,240
941,58,36.2,783,Married,Car,23.3
942,52,15.1,823,Unmarried,Home,116.5
943,45,21.3,668,Married,Home,248.8
944,60,42.4,831,Married,Home,244.1
945,34,19.1,737,Unmarried,Personal,19.6
946,25,11,648,Married,Car,18.1
947,61,12.4,710,Unmarried,Car,24.7
948,53,22.4,832,Married,Home,219.5
949,22,13.6,696,Married,Personal,21.3
950,46,51.8,736,Married,Home,233.8
951,32,10.8,776,Married,Education,29.7
952,36,16.1,776,Unmarried,Education,28.3
953,28,4.9,639,Unmarried,Car,6.8
954,63,10.2,845,Unmarried,Education,27.7
955,32,18.1,682,Unmarried,Home,155.4
956,35,13.3,654,Unmarried,Car,25
957,45,27.9,687,Unmarried,Personal,21.7
958,24,6.7,639,Married,Education,14.8
959,58,13.4,754,Married,Home,120.3
960,26,8.7,771,Married,Personal,13.5
961,47,25.2,791,Unmarried,Home,249.3
962,37,31.9,666,Married,Business,138.7
963,33,11.6,695,Unmarried,Car,22
964,35,29.3,673,Married,Education,27.9
965,58,37.5,800,Married,Home,242.4
966,32,17.9,715,Married,Car,24.6
967,46,54.9,748,Married,Education,29.3
968,24,7.9,720,Unmarried,Home,39
969,45,24.2,753,Unmarried,Car,24.7
970,29,9,693,Married,Home,65.8
971,31,19,642,Married,Car,23.8
972,42,42.2,766,Married,Home,249.3
973,24,10.9,645,Unmarried,Home,59.5
974,34,17,710,Married,Car,26.7
975,33,38.5,730,Married,Home,264
976,48,44.4,708,Married,Education,29.1
977,41,21.3,678,Unmarried,Car,25.7
978,26,11.7,680,Married,Education,31.7
979,40,16.5,739,Married,Home,153.1
980,36,15.4,758,Married,Home,225.3
981,29,7.4,691,Unmarried,Education,17.3
982,22,4.4,682,Unmarried,Car,6.5
983,24,12.7,601,Married,Personal,15.1
984,27,5.6,654,Unmarried,Car,9.4
985,65,38.6,801,Married,Personal,18
986,25,10.9,716,Married,Business,54.2
987,29,16.6,755,Married,Personal,18.9
988,40,20.4,704,Married,Education,31.8
989,48,55.6,672,Married,Home,267.9
990,42,26.2,741,Married,Car,22.8
991,57,17.1,831,Married,Car,25.9
992,27,11.6,726,Unmarried,Car,27.5
993,51,52.3,690,Married,Personal,20.2
994,28,15.2,654,Married,Home,116.7
995,60,39,845,Married,Personal,20.4
996,47,48,715,Married,Education,27.1
997,51,39.6,724,Married,Education,29
998,35,12.9,673,Unmarried,Education,24.6
999,36,27.5,808,Married,Personal,18.6
1000,49,43.1,682,Married,Home,265